Date,Adj Close,Close,High,Low,Open,Volume
2023-08-21,1250.74267578125,1260.0,1277.7249755859375,1257.824951171875,1269.9749755859375,9221746
2023-08-22,1250.44482421875,1259.699951171875,1268.9749755859375,1249.5,1258.449951171875,7713044
2023-08-23,1251.8345947265625,1261.0999755859375,1271.425048828125,1258.4749755859375,1262.0999755859375,9517952
2023-08-24,1230.7904052734375,1239.9000244140625,1269.949951171875,1235.5,1269.949951171875,14140020
2023-08-25,1225.1075439453125,1234.175048828125,1252.5,1221.300048828125,1228.0,22222400
2023-08-28,1212.897705078125,1221.875,1242.0,1215.550048828125,1236.0,12580826
2023-08-29,1201.2838134765625,1210.175048828125,1226.7249755859375,1204.074951171875,1226.0250244140625,16876644
2023-08-30,1200.142333984375,1209.0250244140625,1221.5,1207.5,1216.0,12168946
2023-08-31,1194.6578369140625,1203.5,1212.5,1199.949951171875,1211.5,21638600
2023-09-01,1197.4619140625,1206.324951171875,1212.824951171875,1200.824951171875,1203.2750244140625,18112842
2023-09-04,1196.494140625,1205.3499755859375,1211.824951171875,1202.6500244140625,1206.324951171875,9347626
2023-09-05,1202.89697265625,1211.800048828125,1216.9749755859375,1206.2249755859375,1210.0,8675876
2023-09-06,1205.4281005859375,1214.3499755859375,1218.074951171875,1208.625,1210.550048828125,8200370
2023-09-07,1207.06591796875,1216.0,1219.125,1205.5,1210.8499755859375,13652572
2023-09-08,1215.1064453125,1224.0999755859375,1228.0,1211.4749755859375,1220.0,23109288
2023-09-11,1228.20947265625,1237.300048828125,1238.425048828125,1226.0,1226.0,13271074
2023-09-12,1210.4658203125,1219.425048828125,1241.5,1217.9749755859375,1241.5,16255666
2023-09-13,1216.52099609375,1225.5250244140625,1231.324951171875,1213.125,1220.0,12803338
2023-09-14,1217.6376953125,1226.6500244140625,1232.9000244140625,1222.5,1230.0,9209636
2023-09-15,1219.89599609375,1228.925048828125,1234.0,1224.75,1234.0,25468592
2023-09-18,1209.274658203125,1218.2249755859375,1225.5,1216.0250244140625,1220.0250244140625,7516300
2023-09-20,1182.3240966796875,1191.074951171875,1213.800048828125,1177.5,1211.5250244140625,57081884
2023-09-21,1173.7127685546875,1182.4000244140625,1195.050048828125,1180.0,1187.4749755859375,12226182
2023-09-22,1168.823974609375,1177.4749755859375,1191.2249755859375,1175.0,1188.0,19176786
2023-09-25,1161.6273193359375,1170.2249755859375,1180.3499755859375,1167.550048828125,1175.199951171875,14254884
2023-09-26,1162.644775390625,1171.25,1175.0999755859375,1167.800048828125,1169.2750244140625,10087782
2023-09-27,1175.747802734375,1184.449951171875,1185.9000244140625,1169.25,1171.75,11722778
2023-09-28,1158.4757080078125,1167.050048828125,1191.5,1162.5,1191.5,14518346
2023-09-29,1163.8856201171875,1172.5,1184.550048828125,1167.050048828125,1170.9000244140625,12342014
2023-10-03,1150.5592041015625,1159.074951171875,1167.800048828125,1158.0,1164.9749755859375,8859056
2023-10-04,1148.5738525390625,1157.074951171875,1159.5,1147.550048828125,1154.5,10286386
2023-10-05,1148.5491943359375,1157.050048828125,1164.699951171875,1154.5,1159.625,10953682
2023-10-06,1150.4847412109375,1159.0,1162.4000244140625,1156.0250244140625,1158.5250244140625,5431026
2023-10-09,1140.6822509765625,1149.125,1155.9749755859375,1147.5,1154.050048828125,7576878
2023-10-10,1145.719970703125,1154.199951171875,1158.949951171875,1151.875,1153.2750244140625,10236032
2023-10-11,1163.910400390625,1172.5250244140625,1174.8499755859375,1156.5,1157.2249755859375,9814118
2023-10-12,1166.0693359375,1174.699951171875,1179.675048828125,1169.074951171875,1171.925048828125,12554450
2023-10-13,1166.019775390625,1174.6500244140625,1178.75,1164.574951171875,1170.0,10150316
2023-10-16,1163.4140625,1172.0250244140625,1177.2750244140625,1168.0,1172.5,5929036
2023-10-17,1168.972900390625,1177.625,1179.8499755859375,1170.6500244140625,1178.0,7928180
2023-10-18,1153.4627685546875,1162.0,1183.5,1160.5,1177.625,8918320
2023-10-19,1144.603271484375,1153.074951171875,1160.9000244140625,1150.5,1156.0,12032556
2023-10-20,1141.104248046875,1149.550048828125,1157.3499755859375,1148.1500244140625,1150.0,8913312
2023-10-23,1123.2860107421875,1131.5999755859375,1153.125,1127.625,1145.0,7853962
2023-10-25,1120.680419921875,1128.9749755859375,1140.5999755859375,1121.5,1125.0250244140625,11620688
2023-10-26,1105.07080078125,1113.25,1129.0,1110.1500244140625,1125.5,15222534
2023-10-27,1124.5765380859375,1132.9000244140625,1136.75,1117.9749755859375,1120.0,11771084
2023-10-30,1147.7550048828125,1156.25,1162.5,1134.9749755859375,1137.0,16813304
2023-10-31,1135.5452880859375,1143.949951171875,1164.0,1141.449951171875,1164.0,12808438
2023-11-01,1140.2603759765625,1148.699951171875,1158.75,1137.5999755859375,1144.574951171875,10309190
2023-11-02,1151.57666015625,1160.0999755859375,1162.1500244140625,1153.9749755859375,1156.9749755859375,10562104
2023-11-03,1151.3284912109375,1159.8499755859375,1167.4749755859375,1157.875,1163.5999755859375,8850156
2023-11-06,1160.9075927734375,1169.5,1170.0,1162.800048828125,1166.1500244140625,10647304
2023-11-07,1153.3634033203125,1161.9000244140625,1169.550048828125,1159.7750244140625,1167.0250244140625,6960204
2023-11-08,1159.3690185546875,1167.949951171875,1170.5,1160.875,1166.0,7884494
2023-11-09,1146.787109375,1155.2750244140625,1167.949951171875,1152.0999755859375,1167.925048828125,14513610
2023-11-10,1148.9461669921875,1157.449951171875,1158.175048828125,1149.0250244140625,1152.7750244140625,7734954
2023-11-13,1148.79736328125,1157.300048828125,1162.300048828125,1155.8499755859375,1161.449951171875,3854810
2023-11-15,1169.5684814453125,1178.2249755859375,1180.9749755859375,1163.5,1170.0,12220648
2023-11-16,1171.6778564453125,1180.3499755859375,1187.074951171875,1173.4749755859375,1175.550048828125,13134910
2023-11-17,1169.121826171875,1177.7750244140625,1186.625,1176.0250244140625,1176.449951171875,7758634
2023-11-20,1166.0445556640625,1174.675048828125,1179.199951171875,1168.199951171875,1174.2750244140625,4490186
2023-11-21,1180.7109375,1189.449951171875,1194.0,1180.0999755859375,1183.0,8214450
2023-11-22,1185.3267822265625,1194.0999755859375,1197.2249755859375,1186.0999755859375,1187.5,8534814
2023-11-23,1188.9500732421875,1197.75,1200.0,1194.0999755859375,1194.0999755859375,8531542
2023-11-24,1188.1558837890625,1196.949951171875,1201.300048828125,1195.5250244140625,1195.800048828125,6749486
2023-11-28,1188.404052734375,1197.199951171875,1199.8499755859375,1187.625,1196.949951171875,13792174
2023-11-29,1191.5308837890625,1200.3499755859375,1205.9749755859375,1199.0250244140625,1204.0,12531306
2023-11-30,1179.9913330078125,1188.7249755859375,1200.3499755859375,1184.949951171875,1197.3499755859375,28439984
2023-12-01,1188.3544921875,1197.1500244140625,1198.199951171875,1188.800048828125,1189.0,14342842
2023-12-04,1201.2093505859375,1210.0999755859375,1225.0,1199.300048828125,1225.0,15590990
2023-12-05,1209.919921875,1218.875,1220.425048828125,1210.824951171875,1219.5,12693624
2023-12-06,1221.5091552734375,1230.550048828125,1236.4749755859375,1217.5,1223.550048828125,16422442
2023-12-07,1219.4989013671875,1228.5250244140625,1230.4749755859375,1221.0,1230.0,8142096
2023-12-08,1218.8536376953125,1227.875,1238.3499755859375,1222.5,1231.925048828125,10204894
2023-12-11,1220.6405029296875,1229.675048828125,1233.800048828125,1226.199951171875,1228.0,7066138
2023-12-12,1203.1201171875,1212.0250244140625,1232.4749755859375,1210.074951171875,1230.0,9197124
2023-12-13,1208.03369140625,1216.9749755859375,1219.175048828125,1203.1500244140625,1211.0,10031182
2023-12-14,1223.0228271484375,1232.074951171875,1237.4749755859375,1221.324951171875,1227.0,16972354
2023-12-15,1238.63232421875,1247.800048828125,1250.0,1235.0250244140625,1239.0,15932152
2023-12-18,1251.239013671875,1260.5,1267.449951171875,1245.4749755859375,1247.800048828125,14165188
2023-12-19,1269.6527099609375,1279.050048828125,1286.949951171875,1262.5999755859375,1277.5,16820604
2023-12-20,1254.2913818359375,1263.574951171875,1299.425048828125,1260.0,1285.5250244140625,17736722
2023-12-21,1271.8614501953125,1281.2750244140625,1286.75,1259.125,1263.5,13765454
2023-12-22,1273.102294921875,1282.5250244140625,1290.449951171875,1273.824951171875,1279.800048828125,16541784
2023-12-26,1279.554443359375,1289.0250244140625,1295.9749755859375,1281.3499755859375,1284.0,7465664
2023-12-27,1283.9222412109375,1293.425048828125,1299.949951171875,1286.550048828125,1291.0,9204156
2023-12-28,1293.2034912109375,1302.7750244140625,1306.0,1293.425048828125,1294.9000244140625,12302636
2023-12-29,1282.97900390625,1292.4749755859375,1307.0,1289.6500244140625,1305.550048828125,10864584
2024-01-01,1285.609619140625,1295.125,1303.425048828125,1286.574951171875,1290.2750244140625,4030540
2024-01-02,1296.255859375,1305.8499755859375,1307.5,1286.5,1292.5,7448800
2024-01-03,1282.16015625,1291.6500244140625,1317.0,1288.5999755859375,1305.0,9037536
2024-01-04,1288.7860107421875,1298.324951171875,1304.925048828125,1289.550048828125,1294.0,9612778
2024-01-05,1294.2705078125,1303.8499755859375,1309.925048828125,1299.0,1301.449951171875,8086406
2024-01-08,1284.1702880859375,1293.675048828125,1315.9749755859375,1284.4749755859375,1305.0,7734652
2024-01-09,1280.7705078125,1290.25,1303.4000244140625,1288.5999755859375,1300.0,5403074
2024-01-10,1315.3148193359375,1325.050048828125,1329.5,1287.5250244140625,1288.5,11102740
2024-01-11,1349.9088134765625,1359.9000244140625,1362.5,1328.5,1329.5,23725852
2024-01-12,1360.6541748046875,1370.7249755859375,1373.324951171875,1345.75,1359.9000244140625,15012164
2024-01-15,1383.88232421875,1394.125,1396.449951171875,1366.0,1375.0,8610594
2024-01-16,1364.5255126953125,1374.625,1396.300048828125,1370.5,1389.9749755859375,9069024
2024-01-17,1351.5712890625,1361.574951171875,1386.2750244140625,1355.0250244140625,1359.5,12197382
2024-01-18,1357.8995361328125,1367.949951171875,1371.0,1351.25,1351.4000244140625,10279438
2024-01-19,1357.4031982421875,1367.449951171875,1376.0,1359.0,1376.0,10422704
2024-01-23,1318.8138427734375,1328.574951171875,1371.75,1322.550048828125,1371.75,20055420
2024-01-24,1334.00146484375,1343.875,1349.5,1323.925048828125,1335.2249755859375,21919128
2024-01-25,1343.1337890625,1353.074951171875,1364.1500244140625,1335.199951171875,1342.949951171875,11808872
2024-01-29,1437.4111328125,1448.050048828125,1452.5,1360.175048828125,1364.5,23893438
2024-01-30,1397.2830810546875,1407.625,1459.9749755859375,1404.425048828125,1459.949951171875,14093978
2024-01-31,1416.1435546875,1426.625,1434.25,1402.5,1404.0,15130226
2024-02-01,1416.1683349609375,1426.6500244140625,1443.3499755859375,1418.050048828125,1435.0,13349362
2024-02-02,1446.9901123046875,1457.699951171875,1474.9000244140625,1433.175048828125,1433.175048828125,19652588
2024-02-05,1428.452392578125,1439.0250244140625,1470.5,1431.5250244140625,1460.75,8814432
2024-02-06,1417.309814453125,1427.800048828125,1441.8499755859375,1419.824951171875,1441.8499755859375,9047984
2024-02-07,1431.554443359375,1442.1500244140625,1449.5,1429.25,1435.925048828125,9296568
2024-02-08,1439.4708251953125,1450.125,1459.4749755859375,1427.5250244140625,1450.0,14694634
2024-02-09,1450.0177001953125,1460.75,1471.9749755859375,1450.949951171875,1454.0,12556798
2024-02-12,1441.679443359375,1452.3499755859375,1461.0,1442.3499755859375,1460.75,6674430
2024-02-13,1454.3358154296875,1465.0999755859375,1479.0,1454.0,1455.5,7715594
2024-02-14,1470.4912109375,1481.375,1483.6500244140625,1457.5,1457.5,7117888
2024-02-15,1459.7952880859375,1470.5999755859375,1484.7249755859375,1466.5250244140625,1483.3499755859375,10006782
2024-02-16,1449.843994140625,1460.574951171875,1477.0,1458.550048828125,1476.4749755859375,9767498
2024-02-19,1463.17041015625,1474.0,1479.5,1453.5250244140625,1462.050048828125,6729828
2024-02-20,1460.2174072265625,1471.0250244140625,1475.5,1461.800048828125,1475.0250244140625,7117496
2024-02-21,1456.916748046875,1467.699951171875,1488.5250244140625,1457.550048828125,1474.0,12720292
2024-02-22,1470.8634033203125,1481.75,1484.949951171875,1458.0,1468.1500244140625,18493728
2024-02-23,1482.6512451171875,1493.625,1497.550048828125,1483.3499755859375,1489.5,14438584
2024-02-26,1476.3974609375,1487.324951171875,1494.5250244140625,1482.5,1493.550048828125,7513106
2024-02-27,1474.73486328125,1485.6500244140625,1499.949951171875,1478.050048828125,1483.0250244140625,10826044
2024-02-28,1444.930419921875,1455.625,1491.2750244140625,1450.175048828125,1483.0,8647950
2024-02-29,1450.0675048828125,1460.800048828125,1478.9749755859375,1454.5250244140625,1465.0,23628976
2024-03-01,1481.1622314453125,1492.125,1500.0,1462.5,1463.5,12132926
2024-03-04,1496.3250732421875,1507.4000244140625,1512.449951171875,1487.2249755859375,1490.4749755859375,10024420
2024-03-05,1489.1778564453125,1500.199951171875,1507.4000244140625,1486.050048828125,1505.7750244140625,7107668
2024-03-06,1491.9573974609375,1503.0,1509.0,1478.5,1493.449951171875,7805676
2024-03-07,1468.059326171875,1478.925048828125,1503.0999755859375,1475.550048828125,1502.9749755859375,8315726
2024-03-11,1455.82470703125,1466.5999755859375,1489.0,1463.5,1489.0,11277130
2024-03-12,1464.5850830078125,1475.425048828125,1488.0,1465.0250244140625,1466.5999755859375,9432678
2024-03-13,1421.6527099609375,1432.175048828125,1483.0999755859375,1427.7750244140625,1479.7750244140625,13522134
2024-03-14,1420.9578857421875,1431.4749755859375,1448.5250244140625,1425.5,1439.699951171875,18571102
2024-03-15,1407.80517578125,1418.2249755859375,1433.2249755859375,1412.9000244140625,1425.949951171875,19223818
2024-03-18,1428.8990478515625,1439.4749755859375,1441.7249755859375,1416.5250244140625,1420.0,9169392
2024-03-19,1414.778564453125,1425.25,1437.5999755859375,1417.25,1428.75,8275764
2024-03-20,1433.142578125,1443.75,1445.0,1424.0250244140625,1427.949951171875,8488806
2024-03-21,1440.3145751953125,1450.9749755859375,1457.9000244140625,1444.675048828125,1452.5250244140625,13006936
2024-03-22,1444.3348388671875,1455.0250244140625,1460.0,1447.3499755859375,1449.9749755859375,19527608
2024-03-26,1430.983642578125,1441.574951171875,1452.4000244140625,1439.0,1445.0,11415906
2024-03-27,1481.8819580078125,1492.8499755859375,1500.0,1447.0,1448.0,16326644
2024-03-28,1474.933349609375,1485.8499755859375,1505.949951171875,1478.6500244140625,1492.875,21854364
2024-04-01,1473.8663330078125,1484.7750244140625,1493.9749755859375,1482.5,1492.4749755859375,5013880
2024-04-02,1476.025146484375,1486.949951171875,1494.0,1475.0,1484.0,8910166
2024-04-03,1460.7880859375,1471.5999755859375,1484.449951171875,1468.9000244140625,1482.074951171875,7008292
2024-04-04,1452.1768798828125,1462.925048828125,1479.75,1450.0,1479.75,14490272
2024-04-05,1449.3724365234375,1460.0999755859375,1470.800048828125,1456.0,1460.875,7442298
2024-04-08,1475.057373046875,1485.9749755859375,1490.9749755859375,1461.0,1462.9749755859375,8357118
2024-04-09,1452.896484375,1463.6500244140625,1489.800048828125,1462.5,1489.0,7071414
2024-04-10,1468.7044677734375,1479.574951171875,1487.0,1466.3499755859375,1466.3499755859375,9138330
2024-04-12,1456.3707275390625,1467.1500244140625,1486.4749755859375,1463.074951171875,1475.875,15551012
2024-04-15,1454.062744140625,1464.824951171875,1482.125,1446.324951171875,1461.0,12902062
2024-04-16,1454.9810791015625,1465.75,1471.175048828125,1450.925048828125,1453.3499755859375,9366184
2024-04-18,1453.56640625,1464.324951171875,1486.0,1459.3499755859375,1463.5,19005692
2024-04-19,1459.323974609375,1470.125,1474.0,1443.0250244140625,1456.7750244140625,15741778
2024-04-22,1468.9774169921875,1479.8499755859375,1482.824951171875,1467.800048828125,1472.449951171875,10350362
2024-04-23,1448.603271484375,1459.324951171875,1493.5,1455.550048828125,1479.0,14605554
2024-04-24,1439.5205078125,1450.175048828125,1468.550048828125,1449.5,1463.5,10462776
2024-04-25,1449.2484130859375,1459.9749755859375,1467.9749755859375,1441.5,1442.5,15943926
2024-04-26,1441.878173828125,1452.550048828125,1465.0,1450.0,1463.949951171875,9413848
2024-04-29,1454.2613525390625,1465.0250244140625,1467.9000244140625,1450.0,1450.0,7247974
2024-04-30,1456.2218017578125,1467.0,1483.074951171875,1462.875,1468.0,11474262
2024-05-02,1455.7752685546875,1466.550048828125,1477.324951171875,1464.125,1472.0,14512646
2024-05-03,1423.46435546875,1434.0,1474.949951171875,1416.1500244140625,1471.0,17226958
2024-05-06,1409.095703125,1419.5250244140625,1440.0,1418.0,1435.5,7394208
2024-05-07,1391.17822265625,1401.4749755859375,1420.75,1392.0,1415.9749755859375,14517472
2024-05-08,1408.1279296875,1418.550048828125,1432.949951171875,1397.5,1397.5,9439002
2024-05-09,1383.88232421875,1394.125,1423.75,1390.0,1413.0,11009612
2024-05-10,1397.0845947265625,1407.425048828125,1410.0,1388.074951171875,1396.75,10505096
2024-05-13,1392.394287109375,1402.699951171875,1406.9749755859375,1384.0,1399.9000244140625,8456620
2024-05-14,1409.6414794921875,1420.074951171875,1427.074951171875,1400.0250244140625,1400.9749755859375,7188300
2024-05-15,1405.86962890625,1416.2750244140625,1429.9749755859375,1413.0250244140625,1420.5,5046534
2024-05-16,1414.8778076171875,1425.3499755859375,1427.5,1398.0250244140625,1418.550048828125,14711774
2024-05-17,1425.15185546875,1435.699951171875,1437.199951171875,1413.25,1423.050048828125,10916476
2024-05-21,1425.57373046875,1436.125,1441.824951171875,1425.5999755859375,1425.5999755859375,11176128
2024-05-22,1449.9185791015625,1460.6500244140625,1468.7750244140625,1436.2750244140625,1436.2750244140625,10281604
2024-05-23,1475.1319580078125,1486.050048828125,1492.2249755859375,1455.0,1458.550048828125,14608260
2024-05-24,1469.37451171875,1480.25,1488.5,1476.0999755859375,1483.625,7094776
2024-05-27,1455.4774169921875,1466.25,1484.9000244140625,1461.550048828125,1480.2249755859375,6629010
2024-05-28,1445.5010986328125,1456.199951171875,1478.5,1452.75,1468.0,7820162
2024-05-29,1430.1895751953125,1440.7750244140625,1458.0,1438.449951171875,1446.5,7383556
2024-05-30,1414.3814697265625,1424.8499755859375,1440.4000244140625,1420.0999755859375,1435.5,13206858
2024-05-31,1419.8907470703125,1430.4000244140625,1442.25,1422.25,1431.300048828125,31069832
2024-06-03,1499.228515625,1510.324951171875,1514.5,1459.0,1483.0,21527942
2024-06-04,1387.0091552734375,1397.2750244140625,1498.050048828125,1359.300048828125,1498.050048828125,36709098
2024-06-05,1410.3116455078125,1420.75,1431.1500244140625,1384.0999755859375,1422.0,17464890
2024-06-06,1421.0819091796875,1431.5999755859375,1443.699951171875,1421.3499755859375,1435.0,17855722
2024-06-07,1459.1500244140625,1469.949951171875,1472.0,1426.5,1428.5,18558696
2024-06-10,1460.5894775390625,1471.4000244140625,1493.3499755859375,1468.074951171875,1469.949951171875,9251760
2024-06-11,1445.9727783203125,1456.675048828125,1473.675048828125,1454.675048828125,1469.0,11774902
2024-06-12,1452.5738525390625,1463.324951171875,1476.0,1455.175048828125,1457.5,10081742
2024-06-13,1454.4847412109375,1465.25,1472.25,1460.0999755859375,1472.0,9181160
2024-06-14,1466.6944580078125,1477.550048828125,1479.675048828125,1457.2249755859375,1470.0,8157998
2024-06-18,1470.1439208984375,1481.0250244140625,1487.4000244140625,1471.3499755859375,1487.3499755859375,7196766
2024-06-19,1447.9332275390625,1458.6500244140625,1487.5,1456.0,1487.5,8725874
2024-06-20,1462.8726806640625,1473.699951171875,1482.8499755859375,1450.0999755859375,1459.0,16113776
2024-06-21,1443.515869140625,1454.199951171875,1474.699951171875,1440.574951171875,1473.625,31170360
2024-06-24,1430.88427734375,1441.4749755859375,1449.5,1437.5,1445.5250244140625,8878386
2024-06-25,1443.46630859375,1454.1500244140625,1455.925048828125,1441.0,1443.0,7045386
2024-06-26,1502.9013671875,1514.0250244140625,1518.9749755859375,1445.125,1446.050048828125,22014882
2024-06-27,1519.304931640625,1530.550048828125,1537.5,1506.0,1513.75,28383030
2024-06-28,1553.89892578125,1565.4000244140625,1581.0,1531.0250244140625,1531.0250244140625,28957336
2024-07-01,1548.6875,1560.1500244140625,1579.4000244140625,1555.675048828125,1562.5250244140625,7724306
2024-07-02,1553.6756591796875,1565.175048828125,1573.5,1557.0,1569.5,7749246
2024-07-03,1541.019287109375,1552.425048828125,1575.0,1542.7750244140625,1566.324951171875,9049620
2024-07-04,1542.6075439453125,1554.0250244140625,1567.5,1550.800048828125,1557.0,6837176
2024-07-05,1576.9532470703125,1588.625,1598.5,1548.0,1553.824951171875,12269710
2024-07-08,1589.13818359375,1600.9000244140625,1608.800048828125,1582.5250244140625,1589.0,9500806
2024-07-09,1578.5911865234375,1590.2750244140625,1600.5,1580.5,1597.5999755859375,6960002
2024-07-10,1572.5855712890625,1584.2249755859375,1597.5,1563.1500244140625,1595.0,7134578
2024-07-11,1569.036865234375,1580.6500244140625,1604.25,1570.5,1587.5,11940946
2024-07-12,1584.9937744140625,1596.7249755859375,1605.1500244140625,1574.5,1584.5,12924784
2024-07-15,1585.4901123046875,1597.2249755859375,1605.8499755859375,1585.5,1604.449951171875,5329688
2024-07-16,1564.669189453125,1576.25,1600.0,1569.125,1593.5,9386838
2024-07-18,1575.0177001953125,1586.675048828125,1593.9000244140625,1557.824951171875,1576.0,12298374
2024-07-19,1543.7242431640625,1555.1500244140625,1589.9749755859375,1552.800048828125,1586.0,13140390
2024-07-22,1489.6495361328125,1500.675048828125,1537.5,1499.2750244140625,1537.25,19674376
2024-07-23,1476.96826171875,1487.9000244140625,1505.75,1463.0,1501.0,18052044
2024-07-24,1484.7109375,1495.699951171875,1509.5,1476.4000244140625,1485.0,11913362
2024-07-25,1481.4351806640625,1492.4000244140625,1500.4749755859375,1477.074951171875,1481.0,12519876
2024-07-26,1497.9381103515625,1509.0250244140625,1512.425048828125,1490.3499755859375,1492.4000244140625,9859940
2024-07-29,1508.9317626953125,1520.0999755859375,1527.5,1511.7750244140625,1511.949951171875,7538550
2024-07-30,1502.03271484375,1513.1500244140625,1525.0,1510.0,1517.0250244140625,8228208
2024-07-31,1494.364501953125,1505.425048828125,1510.449951171875,1501.1500244140625,1504.0,10057346
2024-08-01,1504.1671142578125,1515.300048828125,1518.0,1504.300048828125,1512.0,10764222
2024-08-02,1488.3092041015625,1499.324951171875,1509.324951171875,1493.2750244140625,1505.0,10268248
2024-08-05,1436.6912841796875,1447.324951171875,1483.9000244140625,1433.25,1480.0,17046704
2024-08-06,1445.3524169921875,1456.050048828125,1477.5,1451.324951171875,1455.1500244140625,10236186
2024-08-07,1454.062744140625,1464.824951171875,1472.5,1461.5,1469.0,8174568
2024-08-08,1438.478271484375,1449.125,1465.0,1445.925048828125,1457.5250244140625,12387192
2024-08-09,1463.46826171875,1474.300048828125,1476.5,1456.0,1460.0,6249776
2024-08-12,1449.8936767578125,1460.625,1473.0,1457.75,1470.0,8184584
2024-08-13,1452.8717041015625,1463.625,1470.074951171875,1458.0,1460.75,6265064
2024-08-14,1451.1097412109375,1461.8499755859375,1472.0,1453.699951171875,1463.550048828125,6267466
2024-08-16,1467.339599609375,1478.199951171875,1480.4000244140625,1458.050048828125,1468.6500244140625,9416902
2024-08-19,1482.4791259765625,1488.4000244140625,1498.300048828125,1480.5,1482.5,13797742
2024-08-20,1489.9990234375,1495.949951171875,1503.925048828125,1490.0250244140625,1497.2249755859375,8411808
2024-08-21,1492.7132568359375,1498.675048828125,1507.875,1490.0,1493.25,7769996
2024-08-22,1492.1654052734375,1498.125,1506.5,1490.6500244140625,1503.0,10445782
2024-08-23,1494.008056640625,1499.9749755859375,1511.324951171875,1498.425048828125,1503.75,9249654
2024-08-26,1506.5828857421875,1512.5999755859375,1523.0,1503.0,1506.9749755859375,8816114
2024-08-27,1494.481201171875,1500.449951171875,1513.4749755859375,1499.449951171875,1510.5,6251156
2024-08-28,1492.33984375,1498.300048828125,1507.4749755859375,1493.0,1505.0,9610286
2024-08-29,1514.874755859375,1520.925048828125,1537.0,1494.0,1503.0999755859375,38335358
2024-08-30,1503.6197509765625,1509.625,1539.7249755859375,1503.324951171875,1534.0,41620730
2024-09-02,1510.2183837890625,1516.25,1526.800048828125,1506.625,1510.875,11240852
2024-09-03,1503.1217041015625,1509.125,1523.0,1507.5,1521.25,10923800
2024-09-04,1508.525146484375,1514.550048828125,1517.5,1499.5,1500.699951171875,11983304
2024-09-05,1487.035888671875,1492.9749755859375,1525.7750244140625,1487.050048828125,1519.050048828125,16264168
2024-09-06,1458.997802734375,1464.824951171875,1497.0,1461.625,1492.5,19394228
2024-09-09,1456.63232421875,1462.449951171875,1469.925048828125,1455.5999755859375,1466.5,9010298
2024-09-10,1455.7110595703125,1461.5250244140625,1472.050048828125,1457.574951171875,1460.5,10768260
2024-09-11,1445.7259521484375,1451.5,1468.75,1447.550048828125,1463.050048828125,9760202
2024-09-12,1473.913330078125,1479.800048828125,1486.0,1445.875,1457.0,22349376
2024-09-13,1466.766845703125,1472.625,1483.1500244140625,1469.5,1476.4000244140625,8711328
2024-09-16,1465.4969482421875,1471.3499755859375,1480.9000244140625,1464.75,1477.550048828125,5481774
2024-09-17,1466.4432373046875,1472.300048828125,1477.4749755859375,1466.625,1474.0,5935328
2024-09-18,1457.6282958984375,1463.449951171875,1482.0,1460.550048828125,1470.0,8574714
2024-09-19,1463.82861328125,1469.675048828125,1476.5,1455.550048828125,1466.25,16955902
2024-09-20,1480.0140380859375,1485.925048828125,1495.0,1471.375,1474.0,30897320
2024-09-23,1487.434326171875,1493.375,1501.5,1488.949951171875,1491.0,8832314
2024-09-24,1483.4501953125,1489.375,1500.5,1487.875,1488.5,17137444
2024-09-25,1488.0069580078125,1493.949951171875,1496.5,1480.199951171875,1483.9000244140625,7069002
2024-09-26,1491.9910888671875,1497.949951171875,1504.0,1488.050048828125,1490.6500244140625,18818998
2024-09-27,1520.1038818359375,1526.175048828125,1533.4749755859375,1492.0,1499.0,20597478
2024-09-30,1470.701171875,1476.574951171875,1524.9749755859375,1474.4000244140625,1519.4000244140625,27008814
2024-10-01,1458.997802734375,1464.824951171875,1487.949951171875,1462.824951171875,1480.6500244140625,16431642
2024-10-03,1401.3780517578125,1406.9749755859375,1449.4000244140625,1402.074951171875,1436.574951171875,37757294
2024-10-04,1381.0093994140625,1386.5250244140625,1417.3499755859375,1381.7750244140625,1403.925048828125,37072876
2024-10-07,1365.272216796875,1370.7249755859375,1396.5,1361.375,1393.5,22181340
2024-10-08,1391.791259765625,1397.3499755859375,1401.0,1365.0999755859375,1372.9749755859375,17020808
2024-10-09,1369.1318359375,1374.5999755859375,1400.9749755859375,1372.5,1397.5250244140625,14310610
2024-10-10,1365.595947265625,1371.050048828125,1386.0,1369.425048828125,1380.0250244140625,22358646
2024-10-11,1366.6417236328125,1372.0999755859375,1383.2750244140625,1368.824951171875,1370.0,7980122
2024-10-14,1367.0650634765625,1372.5250244140625,1380.074951171875,1368.25,1379.449951171875,12221432
2024-10-15,1338.678466796875,1344.0250244140625,1371.699951171875,1340.699951171875,1358.5250244140625,33762794
2024-10-16,1348.6884765625,1354.074951171875,1364.0,1337.625,1340.0,20034438
2024-10-17,1351.0291748046875,1356.425048828125,1368.449951171875,1352.050048828125,1365.699951171875,15543660
2024-10-18,1353.8927001953125,1359.300048828125,1368.425048828125,1341.324951171875,1352.175048828125,12082452
2024-10-21,1363.7532958984375,1369.199951171875,1374.0,1357.7249755859375,1367.125,14067408
2024-10-22,1338.006103515625,1343.3499755859375,1376.0,1340.2249755859375,1369.199951171875,15831960
2024-10-23,1333.2003173828125,1338.5250244140625,1357.4749755859375,1335.0,1337.5,17214742
2024-10-24,1334.4703369140625,1339.800048828125,1343.699951171875,1323.125,1335.2750244140625,22155934
2024-10-25,1322.5677490234375,1327.8499755859375,1344.3499755859375,1322.0,1343.5,18597496
2024-10-28,1329.0418701171875,1334.3499755859375,1353.0,1322.0999755859375,1337.0,10824350
2024-10-29,1334.66943359375,1340.0,1343.199951171875,1320.300048828125,1328.0999755859375,12008361
2024-10-30,1338.553955078125,1343.9000244140625,1350.0,1325.3499755859375,1335.0,11984423
2024-10-31,1326.7510986328125,1332.050048828125,1343.0,1326.1500244140625,1340.0,9331650
2024-11-01,1333.3248291015625,1338.6500244140625,1341.949951171875,1333.0,1333.050048828125,2127335
2024-11-04,1296.9700927734375,1302.1500244140625,1340.0,1285.0999755859375,1337.8499755859375,19796890
2024-11-05,1300.1075439453125,1305.300048828125,1309.550048828125,1286.1500244140625,1293.0,16267479
2024-11-06,1320.0777587890625,1325.3499755859375,1328.300048828125,1300.199951171875,1310.0,21625209
2024-11-07,1300.4561767578125,1305.6500244140625,1324.0,1302.5999755859375,1324.0,9611974
2024-11-08,1278.6431884765625,1283.75,1301.6500244140625,1275.0,1297.6500244140625,19814406
2024-11-11,1267.6370849609375,1272.699951171875,1286.0,1267.0,1278.949951171875,9056552
2024-11-12,1269.1810302734375,1274.25,1289.300048828125,1267.5,1275.550048828125,10671091
2024-11-13,1247.0693359375,1252.050048828125,1275.449951171875,1249.5,1270.25,14633633
2024-11-14,1262.5574951171875,1267.5999755859375,1272.5999755859375,1251.0999755859375,1253.5999755859375,12612633
2024-11-18,1255.7347412109375,1260.75,1272.9000244140625,1243.9000244140625,1267.5999755859375,13620611
2024-11-19,1236.710693359375,1241.6500244140625,1281.5,1235.1500244140625,1260.75,14183746
2024-11-21,1218.1348876953125,1223.0,1243.949951171875,1217.25,1241.6500244140625,19433843
2024-11-22,1260.3662109375,1265.4000244140625,1268.8499755859375,1222.449951171875,1229.4000244140625,20471957
2024-11-25,1281.8802490234375,1287.0,1304.449951171875,1282.449951171875,1290.0,28923341
2024-11-26,1290.545654296875,1295.699951171875,1297.8499755859375,1284.199951171875,1294.949951171875,9247557
2024-11-27,1288.0555419921875,1293.199951171875,1303.8499755859375,1286.0,1293.5,9572746
2024-11-28,1265.7447509765625,1270.800048828125,1296.5999755859375,1269.050048828125,1289.949951171875,15027412
2024-11-29,1287.0595703125,1292.199951171875,1299.5,1275.25,1280.0,13202307
2024-12-02,1303.9422607421875,1309.1500244140625,1311.3499755859375,1277.050048828125,1288.0,11024152
2024-12-03,1318.035888671875,1323.300048828125,1326.800048828125,1307.0,1317.0,16869482
2024-12-04,1303.742919921875,1308.949951171875,1328.4000244140625,1304.050048828125,1326.0,19608540
2024-12-05,1316.7908935546875,1322.050048828125,1329.949951171875,1306.1500244140625,1314.3499755859375,16858723
2024-12-06,1306.3326416015625,1311.550048828125,1323.9000244140625,1310.0,1323.9000244140625,9037514
2024-12-09,1289.9979248046875,1295.1500244140625,1315.0,1293.0999755859375,1303.0,14650002
2024-12-10,1279.73876953125,1284.8499755859375,1294.9000244140625,1280.199951171875,1289.25,16043729
2024-12-11,1273.115234375,1278.199951171875,1290.0,1276.050048828125,1285.0,11724373
2024-12-12,1257.876220703125,1262.9000244140625,1278.199951171875,1260.5999755859375,1270.0,20906813
2024-12-13,1267.78662109375,1272.8499755859375,1275.199951171875,1239.5999755859375,1260.0,28630222
2024-12-16,1263.2547607421875,1268.300048828125,1281.0,1266.550048828125,1275.0,9486781
2024-12-17,1240.34619140625,1245.300048828125,1263.9000244140625,1242.800048828125,1261.050048828125,17462791
2024-12-18,1248.2645263671875,1253.25,1259.949951171875,1240.6500244140625,1240.6500244140625,12670179
2024-12-19,1225.55517578125,1230.449951171875,1244.9000244140625,1229.0,1239.0,14244653
2024-12-20,1200.50537109375,1205.300048828125,1239.5,1201.5,1224.0,20312896
2024-12-23,1217.437744140625,1222.300048828125,1227.199951171875,1213.199951171875,1215.0,10052824
2024-12-24,1217.8858642578125,1222.75,1233.550048828125,1221.0,1222.300048828125,6734917
2024-12-26,1211.7105712890625,1216.550048828125,1227.699951171875,1214.25,1224.25,10016178
2024-12-27,1216.1927490234375,1221.050048828125,1227.9000244140625,1217.0,1218.300048828125,7000397
2024-12-30,1205.8837890625,1210.699951171875,1223.199951171875,1208.0999755859375,1216.4000244140625,8818766
2024-12-31,1210.6148681640625,1215.449951171875,1219.0999755859375,1206.1500244140625,1208.0,6405475
2025-01-01,1216.391845703125,1221.25,1226.300048828125,1211.5999755859375,1214.8499755859375,5892590
2025-01-02,1236.860107421875,1241.800048828125,1244.449951171875,1220.0,1221.25,15486276
2025-01-03,1246.1729736328125,1251.1500244140625,1262.050048828125,1235.5,1243.9000244140625,15521102
2025-01-06,1213.15478515625,1218.0,1262.0,1215.0,1253.949951171875,14816766
2025-01-07,1235.913818359375,1240.8499755859375,1244.5,1221.25,1222.0,10070505
2025-01-08,1260.4658203125,1265.5,1271.050048828125,1245.3499755859375,1249.0,19346579
2025-01-09,1249.758544921875,1254.75,1269.75,1248.050048828125,1267.0,12794704
2025-01-10,1236.959716796875,1241.9000244140625,1256.75,1236.0,1253.8499755859375,8120332
2025-01-13,1234.9178466796875,1239.8499755859375,1245.25,1226.4000244140625,1230.0,13764861
2025-01-14,1233.822265625,1238.75,1253.3499755859375,1227.25,1244.0999755859375,13095266
2025-01-15,1247.2186279296875,1252.199951171875,1257.0,1241.8499755859375,1244.949951171875,9578856
2025-01-16,1261.4119873046875,1266.449951171875,1275.0,1251.300048828125,1258.9000244140625,14117603
2025-01-17,1297.169189453125,1302.3499755859375,1326.0,1285.0,1322.25,29366277
2025-01-20,1300.2568359375,1305.449951171875,1316.0,1300.25,1316.0,14040244
2025-01-21,1268.6331787109375,1273.699951171875,1313.0,1270.199951171875,1310.5,14562976
2025-01-22,1272.0196533203125,1277.0999755859375,1282.9000244140625,1268.699951171875,1278.300048828125,10273590
2025-01-23,1258.6231689453125,1263.6500244140625,1277.3499755859375,1261.5999755859375,1270.0,8720682
2025-01-24,1241.34228515625,1246.300048828125,1273.0,1243.5,1266.0,14235970
2025-01-27,1224.4595947265625,1229.3499755859375,1240.449951171875,1220.0,1239.0999755859375,9536019
2025-01-28,1229.4896240234375,1234.4000244140625,1244.75,1218.5,1238.0,10568025
2025-01-29,1230.585205078125,1235.5,1242.75,1228.050048828125,1236.0,5928156
2025-01-30,1248.0654296875,1253.050048828125,1257.0,1232.4000244140625,1235.550048828125,9269259
2025-01-31,1260.0673828125,1265.0999755859375,1267.0,1249.0,1255.8499755859375,6584612
2025-02-01,1259.5693359375,1264.5999755859375,1270.550048828125,1241.0,1265.0999755859375,7118453
2025-02-03,1240.94384765625,1245.9000244140625,1256.0,1237.550048828125,1251.0,9252345
2025-02-04,1280.08740234375,1285.199951171875,1288.800048828125,1246.5999755859375,1248.050048828125,16691069
2025-02-05,1273.115234375,1278.199951171875,1290.5,1276.699951171875,1282.6500244140625,10112028
2025-02-06,1276.4520263671875,1281.550048828125,1288.0,1270.3499755859375,1273.699951171875,9956001
2025-02-07,1261.6610107421875,1266.699951171875,1283.699951171875,1262.0,1276.1500244140625,8764283
2025-02-10,1248.6629638671875,1253.6500244140625,1266.5,1245.550048828125,1264.5,6970972
2025-02-11,1229.937744140625,1234.8499755859375,1264.550048828125,1230.0999755859375,1264.550048828125,8859714
2025-02-12,1211.7105712890625,1216.550048828125,1226.9000244140625,1193.3499755859375,1219.449951171875,21131654
2025-02-13,1211.2623291015625,1216.0999755859375,1228.0,1212.0,1217.050048828125,8511216
2025-02-14,1212.40771484375,1217.25,1224.0,1205.449951171875,1219.0,10298145
2025-02-17,1220.02734375,1224.9000244140625,1227.5,1204.5,1211.0999755859375,8166683
2025-02-18,1220.525390625,1225.4000244140625,1229.9000244140625,1216.0999755859375,1224.8499755859375,6673250
2025-02-19,1222.567138671875,1227.449951171875,1232.75,1217.550048828125,1219.5,6217338
2025-02-20,1228.0950927734375,1233.0,1239.3499755859375,1222.0,1223.949951171875,7795582
2025-02-21,1223.264404296875,1228.1500244140625,1240.0,1222.1500244140625,1228.699951171875,6904025
2025-02-24,1209.718505859375,1214.550048828125,1223.25,1210.5,1216.550048828125,7172498
2025-02-25,1199.21044921875,1204.0,1221.0,1201.5,1211.0,11552182
2025-02-27,1202.298095703125,1207.0999755859375,1215.0,1200.6500244140625,1212.800048828125,11509215
2025-02-28,1195.325927734375,1200.0999755859375,1217.3499755859375,1193.300048828125,1202.0,23007298
2025-03-03,1166.5906982421875,1171.25,1206.449951171875,1156.0,1204.0,17944938
2025-03-04,1157.2779541015625,1161.9000244140625,1174.0,1159.550048828125,1162.199951171875,11377373
2025-03-05,1170.9234619140625,1175.5999755859375,1183.0,1157.0,1161.0,8664095
2025-03-06,1204.7882080078125,1209.5999755859375,1213.949951171875,1185.1500244140625,1197.0,14468014
2025-03-07,1244.828369140625,1249.800048828125,1254.800048828125,1212.0,1216.0,16474965
2025-03-10,1233.4736328125,1238.4000244140625,1258.0,1235.4000244140625,1245.0,11931051
2025-03-11,1242.3382568359375,1247.300048828125,1249.5,1229.75,1240.0,10089838
2025-03-12,1252.0494384765625,1257.050048828125,1263.0,1244.0,1258.0,11977555
2025-03-13,1242.9359130859375,1247.9000244140625,1264.1500244140625,1243.8499755859375,1260.050048828125,9505270
2025-03-17,1233.9217529296875,1238.8499755859375,1257.4000244140625,1233.0999755859375,1242.1500244140625,16640917
2025-03-18,1233.9217529296875,1238.8499755859375,1238.8499755859375,1238.8499755859375,1238.8499755859375,0
2025-03-19,1242.1888427734375,1247.1500244140625,1253.25,1238.800048828125,1241.050048828125,16162399
2025-03-20,1264.101318359375,1269.1500244140625,1273.0,1250.050048828125,1251.8499755859375,15971477
2025-03-21,1271.2725830078125,1276.3499755859375,1281.0,1270.0999755859375,1275.0,21780769
2025-03-24,1296.920166015625,1302.0999755859375,1306.0,1284.25,1291.0,20299319
2025-03-25,1280.33642578125,1285.449951171875,1307.699951171875,1282.5999755859375,1307.699951171875,13713899
2025-03-26,1267.98583984375,1273.050048828125,1293.800048828125,1268.75,1291.0,12074747
2025-03-27,1273.115234375,1278.199951171875,1285.0,1271.300048828125,1278.1500244140625,15028056
2025-03-28,1270.027587890625,1275.0999755859375,1295.75,1269.0,1280.0,18147129
2025-04-01,1247.6170654296875,1252.5999755859375,1277.9000244140625,1249.300048828125,1264.5999755859375,12099648
2025-04-02,1246.1729736328125,1251.1500244140625,1255.550048828125,1243.9000244140625,1247.550048828125,10142590
2025-04-03,1243.732666015625,1248.699951171875,1251.800048828125,1233.050048828125,1233.050048828125,7434366
2025-04-04,1199.9075927734375,1204.699951171875,1245.449951171875,1193.1500244140625,1241.0999755859375,17908652
2025-04-07,1161.062744140625,1165.699951171875,1171.25,1114.8499755859375,1132.199951171875,22156106
2025-04-08,1177.4971923828125,1182.199951171875,1196.5999755859375,1163.300048828125,1172.0,19555040
2025-04-09,1180.6346435546875,1185.3499755859375,1189.800048828125,1168.0,1169.5,10223104
2025-04-11,1214.1009521484375,1218.949951171875,1222.6500244140625,1195.1500244140625,1195.1500244140625,11224242
2025-04-15,1235.1668701171875,1240.0999755859375,1251.0,1237.0999755859375,1251.0,13378535
2025-04-16,1234.3701171875,1239.300048828125,1240.9000244140625,1229.0,1234.0999755859375,8248464
2025-04-17,1269.4300537109375,1274.5,1280.199951171875,1227.5999755859375,1240.199951171875,15398401
2025-04-21,1290.346435546875,1295.5,1300.9000244140625,1267.0,1270.0,10429964
2025-04-22,1286.0635986328125,1291.199951171875,1303.9000244140625,1286.300048828125,1300.0,13051707
2025-04-23,1294.82861328125,1300.0,1306.0,1285.4000244140625,1297.0,10480888
2025-04-24,1296.4222412109375,1301.5999755859375,1304.5,1290.300048828125,1292.4000244140625,10468940
2025-04-25,1295.22705078125,1300.4000244140625,1325.199951171875,1288.0999755859375,1303.5,14431012
2025-04-28,1363.35498046875,1368.800048828125,1374.5999755859375,1320.199951171875,1340.0,31104496
2025-04-29,1394.1319580078125,1399.699951171875,1410.9000244140625,1370.0,1371.0,32538970
2025-04-30,1399.410888671875,1405.0,1412.4000244140625,1369.0,1402.0,25480745
2025-05-02,1414.152099609375,1419.800048828125,1426.699951171875,1409.0999755859375,1414.0,13007841
2025-05-05,1425.6063232421875,1431.300048828125,1439.5,1426.9000244140625,1431.0,12685649
2025-05-06,1415.2476806640625,1420.9000244140625,1432.0,1410.5999755859375,1431.0,14084117
2025-05-07,1400.4068603515625,1406.0,1424.4000244140625,1402.699951171875,1420.9000244140625,13440169
2025-05-08,1401.4029541015625,1407.0,1420.800048828125,1398.0,1404.0999755859375,16106175
2025-05-09,1371.721435546875,1377.199951171875,1394.800048828125,1374.5,1385.5,13668904
2025-05-12,1430.7855224609375,1436.5,1439.0,1400.0,1400.0,10674081
2025-05-13,1410.0682373046875,1415.699951171875,1447.699951171875,1412.4000244140625,1433.5,11407896
2025-05-14,1418.7337646484375,1424.4000244140625,1429.9000244140625,1415.5,1420.0,5570160
2025-05-15,1448.4151611328125,1454.199951171875,1461.4000244140625,1412.699951171875,1425.0,20177211
2025-05-16,1450.6064453125,1456.4000244140625,1461.0,1447.300048828125,1453.199951171875,9036695
2025-05-19,1435.0684814453125,1440.800048828125,1454.5999755859375,1438.199951171875,1452.0999755859375,6195791
2025-05-20,1418.932861328125,1424.5999755859375,1445.0,1421.800048828125,1438.199951171875,11270560
2025-05-21,1423.5145263671875,1429.199951171875,1436.199951171875,1418.0999755859375,1423.9000244140625,6136364
2025-05-22,1403.79345703125,1409.4000244140625,1423.800048828125,1396.9000244140625,1421.199951171875,12134466
2025-05-23,1421.124267578125,1426.800048828125,1433.800048828125,1406.5999755859375,1406.5999755859375,6474883
2025-05-26,1429.0924072265625,1434.800048828125,1441.0,1425.0999755859375,1432.0,4842944
2025-05-27,1416.44287109375,1422.0999755859375,1437.0,1413.9000244140625,1426.0999755859375,12640414
2025-05-28,1407.279541015625,1412.9000244140625,1422.5999755859375,1410.699951171875,1420.0999755859375,5944611
2025-05-29,1412.1600341796875,1417.800048828125,1420.0,1408.5999755859375,1412.0999755859375,13771917
2025-05-30,1415.2476806640625,1420.9000244140625,1430.5999755859375,1409.699951171875,1418.0,13788484
2025-06-02,1408.0762939453125,1413.699951171875,1417.5,1395.5999755859375,1412.0999755859375,8098668
2025-06-03,1399.908935546875,1405.5,1426.5,1403.4000244140625,1422.300048828125,11252626
2025-06-04,1417.8372802734375,1423.5,1425.699951171875,1406.0999755859375,1414.699951171875,8126827
2025-06-05,1436.662109375,1442.4000244140625,1454.699951171875,1423.5999755859375,1428.0,13716817
2025-06-06,1437.7576904296875,1443.5,1451.5,1437.0,1441.0,8182161
2025-06-09,1443.0367431640625,1448.800048828125,1457.5,1445.300048828125,1457.0,7885125
2025-06-10,1432.777587890625,1438.5,1453.9000244140625,1436.0,1450.0,7913181
2025-06-11,1443.13623046875,1448.9000244140625,1468.5999755859375,1443.0999755859375,1445.800048828125,8195700
2025-06-12,1435.865234375,1441.5999755859375,1457.0,1434.4000244140625,1453.5,8828114
2025-06-13,1422.2198486328125,1427.9000244140625,1435.5,1414.300048828125,1424.0,9757276
2025-06-16,1432.0804443359375,1437.800048828125,1442.4000244140625,1424.4000244140625,1426.9000244140625,8458093
2025-06-17,1425.506591796875,1431.199951171875,1448.0,1425.800048828125,1448.0,10366599
2025-06-18,1424.4110107421875,1430.0999755859375,1442.800048828125,1425.699951171875,1430.0,6681735
2025-06-19,1427.598388671875,1433.300048828125,1439.9000244140625,1425.699951171875,1430.0999755859375,10007230
2025-06-20,1460.367431640625,1466.199951171875,1471.0,1428.0999755859375,1431.0,29010635
2025-06-23,1451.0048828125,1456.800048828125,1463.800048828125,1442.0,1453.0,5989078
2025-06-24,1445.0286865234375,1450.800048828125,1475.0,1443.0999755859375,1465.0,16402744
2025-06-25,1461.463134765625,1467.300048828125,1472.4000244140625,1460.5,1464.0,7525851
2025-06-26,1489.3516845703125,1495.300048828125,1498.800048828125,1465.0999755859375,1469.0999755859375,14657893
2025-06-27,1509.3717041015625,1515.4000244140625,1522.0,1496.9000244140625,1499.4000244140625,11117052
2025-06-30,1494.630615234375,1500.5999755859375,1524.800048828125,1496.0,1513.800048828125,8409527
2025-07-01,1522.320068359375,1528.4000244140625,1531.4000244140625,1500.0999755859375,1500.5999755859375,10368523
2025-07-02,1512.75830078125,1518.800048828125,1530.0,1508.699951171875,1528.4000244140625,6361002
2025-07-03,1511.76220703125,1517.800048828125,1531.9000244140625,1513.0,1520.800048828125,11283291
2025-07-04,1521.2244873046875,1527.300048828125,1530.0,1517.199951171875,1524.0,6603501
2025-07-07,1535.367919921875,1541.5,1544.800048828125,1525.0,1526.5999755859375,7251074
2025-07-08,1531.4833984375,1537.5999755859375,1544.9000244140625,1530.199951171875,1536.0,7171261
2025-07-09,1512.9573974609375,1519.0,1551.0,1510.0999755859375,1536.699951171875,8870660
2025-07-10,1511.16455078125,1517.199951171875,1524.699951171875,1507.5,1519.699951171875,10047129
2025-07-11,1489.2520751953125,1495.199951171875,1515.0,1490.300048828125,1512.0,7234991
2025-07-14,1477.7977294921875,1483.699951171875,1500.0,1479.0999755859375,1492.199951171875,10311846
2025-07-15,1479.4910888671875,1485.4000244140625,1496.5,1482.4000244140625,1486.199951171875,8132454
2025-07-16,1479.690185546875,1485.5999755859375,1491.0,1471.5,1473.0,10409983
2025-07-17,1470.52685546875,1476.4000244140625,1489.5999755859375,1473.9000244140625,1487.4000244140625,11854613
2025-07-18,1470.12841796875,1476.0,1484.800048828125,1469.0999755859375,1484.800048828125,10296318
2025-07-21,1422.9169921875,1428.5999755859375,1476.0,1423.0999755859375,1465.0,22442744
2025-07-22,1407.179931640625,1412.800048828125,1431.9000244140625,1410.699951171875,1427.4000244140625,20396320
2025-07-23,1418.932861328125,1424.5999755859375,1426.0,1414.4000244140625,1426.0,8354596
2025-07-24,1397.3192138671875,1402.9000244140625,1423.0,1396.0,1419.199951171875,14740507
2025-07-25,1386.1636962890625,1391.699951171875,1401.0,1384.0999755859375,1398.9000244140625,11854722
2025-07-28,1382.080078125,1387.5999755859375,1407.800048828125,1385.0,1392.300048828125,7748361
2025-07-29,1411.4627685546875,1417.0999755859375,1420.199951171875,1383.0,1383.0,10750072
2025-07-30,1404.4906005859375,1410.0999755859375,1423.300048828125,1401.300048828125,1418.0999755859375,7209849
2025-07-31,1384.669677734375,1390.199951171875,1402.5999755859375,1382.199951171875,1388.0999755859375,17065827
2025-08-01,1388.15576171875,1393.699951171875,1405.9000244140625,1384.300048828125,1386.9000244140625,10321171
2025-08-04,1405.885009765625,1411.5,1416.0999755859375,1391.699951171875,1395.0999755859375,6312820
2025-08-05,1386.1636962890625,1391.699951171875,1411.0,1388.0999755859375,1411.0,9315972
2025-08-06,1387.259521484375,1392.800048828125,1395.9000244140625,1383.300048828125,1391.9000244140625,5834312
2025-08-07,1383.8729248046875,1389.4000244140625,1393.699951171875,1366.0,1387.699951171875,9976705
2025-08-08,1362.35888671875,1367.800048828125,1397.199951171875,1365.0,1385.0,8793606
2025-08-11,1380.6856689453125,1386.199951171875,1388.0,1361.199951171875,1370.0,9997486
2025-08-12,1374.9088134765625,1380.4000244140625,1401.9000244140625,1375.199951171875,1381.9000244140625,12244664
2025-08-13,1377.0999755859375,1382.5999755859375,1391.800048828125,1377.5,1388.0,7457021
2025-08-14,1373.800048828125,1373.800048828125,1380.699951171875,1370.0999755859375,1377.300048828125,7126128
2025-08-18,1381.699951171875,1381.699951171875,1394.9000244140625,1377.0,1390.0,11785109
2025-08-19,1420.0999755859375,1420.0999755859375,1421.0,1389.0999755859375,1390.0,14382667
